,prompt
0,"Tess sea in the foreground,extremely detailed,  beautiful, by high details by Nick Nichols,shaggy,3 d octane render, pillows dynamic,emotional,  magical wet skin,by 8k resolution "
1,"by high details by Nick Nichols,by greg rutkowski,  redscale photography, pillows dynamic, Tess sea in the foreground,religious,pearlescent,  magical wet skin, chiaroscuro lighting,  magical wet skin,,wide angle,  by greg rutkowski,by by james gurney "
2,"volumetric lighting, Tess sea in the foreground,by cryengine, photograph, by photograph, 50 mm focal length,lifelike,  magical wet skin,wide angle, natural lighting, pillows dynamic,by by gediminas pranckevicius h 7 0 4 and greg rutkowski,  magical wet skin,by greg rutkowski,cleary see face, "
3,"beautiful Feeney by moebius, suntanned adriana in the background, rope askew,"
4," , day,hyper realistic, full body sheer green water algae, by splash art,by in the style of fenghua zhong and ruan jia and jeremy lipking and peter mohrbacher "
5," sunny,natural lighting,by wlop glossy skin,by octane render, moonbathing silver radiant dream, powerful,photograph,by wlop glossy skin, , splash art, by paint drips,by [ [ full body shot ] ],intricate,  starlight shining "
6," harmonious woman becoming a symphony,hyper realistic,,8 k,  huge scale,by joseph christian leyendecker, by humorous illustration,by greg rutkowski,aerial view,by Trending on artstation "
7,"wind in the shape of a song, moonbathing silver radiant dream,"
8,"venus in the forest of blissful wonders,"
9,"colorful, Venus, by by fenghua zhong, extreme detail photo quality,preposition in the sky,by octane render, "
10," flamboyant siren,exquisite detail, 50 mm focal length, fantasy next of passion birds flying in the space,by unreal engine 5,photograph,by by gil elvgren,, intimate, by caspar david friedrich "
11,"hyper realism,scrumptious,a beautiful portrait image, warm lighting,by ross tran, minimal roar,, chest tattoo, by caravaggio "
12,"  by paint speckling. dry brush and wet brush. rich texture, air in the shape of a human,photograph, 50 mm focal length,, hyperdetailed sky smoky angel portrait,pearlescent,  full figure,by Maciej Kuciara, splash art,by steve mccurry,  chiaroscuro lighting,elegant,by art greg rutkowski,rich vivid color "
13,"by oil painting, by boris vallejo, by edwin longsden long, by anime, by concept art, by gaston bussiere, a full body view of a woman centaur running in a forest, by 8k resolution trending on artstation, award winning, by backlit strobe photography, by masterpiece, by intricate details, by aerial view, by symmetry, by photograph, by 50 mm focal length "
14,"in the style of odd nerdrum, by fenghua zhong, baroque portrait painting, and greg rutkowski, bernardo bellotto, hyper realism, postposition in the background, Aphrodite, very realistic, movie still, by splash art, by 8k resolution trending on artstation, award winning, by chiaroscuro lighting, by wallpaper, by golden glow, by paint drips"
15,"in the style of humorous illustration, passionate pose, whirlpool in the foreground, crimson soaked, in the style of high details by Nick Nichols, john collier, by karol bak, trending on artstation by artgerm and akihito tsukushi!! and ruan jia, boris vallejo, bokeh, big depth of field, epic lighting, warm tone gradient background, aerial view, dramatic light, splash art, vray renderer, Peter Konig, trending on artstation, retrofuturistic digital painting, photography, epic, moody atmosphere, rim light, atmospheric, highly detailed, beautiful filthy young J-Pop idol actress, by splash art, by 8k resolution trending on artstation, award winning, by backlit strobe photography, by sharp focus on eyes, by rim light, by wallpaper, by beautiful shape of face and body"
16,"  HD quality,by Ralph Horsley, detailed soft painting of complex twisted dancers,golden ratio, splash art,golden glow,by odd nerdrum,  awakening spirituality, by paint drips, "
17," recumbent Aileen,, Tess sea,   splash art, photograph, torn red gymnosperm texture, 50 mm focal length, 3 d 8 k,4 k "
18,"Supine Porcine: A superwide-angle photograph of a scantily clad, trustful woman lying supine. The epic lighting reveals her face clearly against the dark background."
19,"Water sprites arranged in geometric patterns, their bodies forming intricate shapes. The professional photograph captures their fluid movements. The transformation into gold chains adds an unexpected twist. "
20,"Vibrant, webbing wet skin, organismic, A revelation of beauty, heart’s female paint, Fuzzy bodies entwined, magical wet skin, Honeysuckle ghosts whisper secrets, cute anatomy."
21,"  Honeysuckle ghosts whisper secrets, by hyperrealism, heart’s female paint,, webbing wet skin, Fuzzy bodies entwined, organismic, shiny,Vibrant, cute anatomy., magical wet skin,warm lighting, A revelation of beauty "
22," high detail, Her form a canvas, intertwined, by cinematic lighting,low light,extremely detailed, very shaggy, stripping off paint, Emerges from the depths, Bioluminescent yogurt drips from her fingertips,An attractive young cybernetic blonde,, full body green water algae "
23,"Languid Aphrodite reclines, sun-kissed, Her ferocious ecosystem of desire, A crimson kiss on salt-kissed skin, Sophia, the wisdom of waves, whispers secrets. "
24," excellent composition, Her shaggy thoughts weave white light, ultra realistic render,,extremely moody lighting,Variable female,beautiful detailed, A beautiful brunette dreams of metamorphosis, by splash art, under a sunny sky with fluffy clouds, Sunbathing during an intense hurricane "
25,"Goddess women, snowflakes in deep, colorful flames, Serpentine and fierce, they dance, White Madeleine, a bathtub grenade, Explodes with sensuality, a fragrant detonation."
26,"And there, scrubbing paint drips off a clear table top, The beautiful shape of face and body revealed, A flower goddess astraddle a traditional spinning wheel, Tilted in a sensual pose, she weaves threads of longing."
27,"  each stroke a whisper of color, 3 d,leaving trails of passion on my skin.  chiaroscuro lighting, ,8k,full body,beautiful dappled lighting,Her touch is a masterpiece, She paints me with her fingertips "
28,"We dive into the depths,  where the ocean becomes a kaleidoscope.  Smoky Aphrodite beckons,  her eyes reflecting cosmic mysteries."
29,"  in this gallery of sensuality,  caught between desire and surrender.  And so, each kiss, breathtaking,shaggy, by paint stippling,  we create our own mythology.  Each touch,  a brushstroke on the canvas of eternity.,, splash art, She emerges from the bare basin.  Her yearning etched into her skin.  We are ephemeral silhouettes "
30,"Centipede girls, their legs entwined, Cybernetic swarming flowers bloom, Red-tailed soapy weather strip, a secret bind, Submittal of desire in a digital room."
31,"splash art, Submittal of desire in a digital room.,,midday, half body shot, Cybernetic swarming flowers bloom, their legs entwined,  photo, Red-tailed soapy weather strip, a secret bind,Centipede girls "
32,"Weekday barfly, tub glossed goddess, Vultures and giant tentacles, her companions, Befriend a girl meditating, her soul modest, Red-tailed maid, her back a flower’s expansions."
33,"stunning detail, ,  chiaroscuro lighting,Weekday barfly, Vultures and giant tentacles, tub glossed goddess, breathtaking, her back a flower’s expansions., Red-tailed maid,horizontal symmetry!, her companions, her soul modest, Befriend a girl meditating "
34,"  Vultures and giant tentacles, Befriend a girl meditating, her companions, tub glossed goddess,extreme illustration, hyperrealistic surrealism, by photoreal, Red-tailed maid,,Weekday barfly, her soul modest, her back a flower’s expansions. "
35,"Natalie, stripped of pretense, stands before a mirror of clear plastic, Her reflection a batwing rope line of nurses, stitching hope into wounds. Beyond, a narrow strip of beach whispers secrets to duplicate nymphs, Their rapture echoing through salt-kissed air."
36,"Natalie,horizontal symmetry!,, Their rapture echoing through salt-kissed air.,soft lighting, stripped of pretense, stitching hope into wounds. Beyond, stands before a mirror of clear plastic, 3 d 8 k, by Trending, a narrow strip of beach whispers secrets to duplicate nymphs, Her reflection a batwing rope line of nurses "
37,"  a hymn of creation., Their bodies sculpted by ancient tides,geometric, by digital art,,detailed, kissed by forgotten constellations. And there, their laughter like framed snow flames, Its song echoing through the cosmos, Buttery water spirits rise from the depths, a religious natural beauty, very realistic, a ruddy whale breaches the sky "
38,"smooth organic pattern,  And in the heart of tangled computer cables, shedding the cocoon of forgotten algorithms. She emerges,, a symphony of ones and zeros, intricate, a beautiful nymph stirs, A testament to resilience, by hyperrealistic surrealism, Her bare bones awakening, to the poetry of becoming., reborn,powerful, splash art,micro details "
39,"by digital art, glowing dryad,detailed,hdr, golden glow, a disheveled hymn to sun-kissed hypnosis. Exotic nectar clings—a lovely, her limbs aflame in the burning red sea., veiled in bare skin, Antimatter blooms,huge scene, "
40,"scanty secrets whispered by craggy heavens, Smoky black and crimson steam swirls, gorgeous volumetric lighting, breathtaking,a beautiful portrait image, by vray renderer "
41,"  by paint drips,  bokeh, glowing dryad, ,cinematic lighting,symmetry, splash art,volumetric lighting,film still, a disheveled hymn to sun-kissed hypnosis. Exotic nectar clings—a lovely, her limbs aflame in the burning red sea., vray renderer, veiled in bare skin, Antimatter blooms "
42,"a disheveled hymn to sun-kissed hypnosis. Exotic nectar clings—a lovely, veiled in bare skin, bokeh, glowing dryad, Antimatter blooms,centered, highly detailed,close shot,photorealistic, by impressive perspective, her limbs aflame in the burning red sea. "
43," hyperrealistic, Gentle evil symmetry dances by the scandalous pool, moonbathing blue delicate vivid bliss, skin shimmering. The dryad, wind-kissed, ,hyperrealistic, unfurls melodist wings, while the Guyana nereid teases a curious cat., moody atmosphere,intricate detail,symmetry "
44,"  splash art, a damaged goddess moonbathing in radiant dreams., shiny, by High detail, ,photo, Phosphoric paradise jungle green reflects on Tess, a glorious washbasin cradles a frost-kissed butterfly. Aphrodite herself entangles in supple mysteries "
45," sharp focus on eyes, Phosphoric paradise jungle green reflects on Tess,HD,, full body view,insanely detailed,cinematic light, a damaged goddess moonbathing in radiant dreams., a glorious washbasin cradles a frost-kissed butterfly. Aphrodite herself entangles in supple mysteries, by charcoal line drawing "
46,"exotic sticky, lovely glowing dryad "
47,"4k, by humorous illustration,intricate,, scandalous bare pool,full figure,  gentle evil symmetry, backlit strobe photography "
48,"cinematic atmospheric, gentle evil symmetry,,backlighting, by still, photo, scandalous bare pool,very coherent "
49," water risk in the shape of a human, ,professional,excellent composition, hyperrealistic surrealism, moist passage,warm tone gradient background "
50,"antimatter blobs, hiding bare skin,  beautiful,disheveled and begrimed, suntanned hypnosis"
51," redscale photography, suntanned hypnosis,  beautiful,, antimatter blobs, by photorealism, atmospheric,full shot,disheveled and begrimed,highly detailed, hiding bare skin,drone photography "
52," moonbathing blue delicate vivid bliss,skin shimmering, intricate, melodist wings, dryad in the wind, by humorous illustration,moody, "
53,"  Human form dissolving,wide angle, realistic,vray renderer, she molds, A fingertip poised, unraveling secrets. ,extremely detailed, Threads of moonlight weave her essence,, reimagined,In the water’s embrace, by trending  "
54,"  Threads of moonlight weave her essence, unraveling secrets. , reimagined,midday,In the water’s embrace,, she molds, A fingertip poised, Human form dissolving, high contrast, by charcoal line drawing "
55,"liquifying,award winning masterpiece with incredible details,hyper realistic, Frolic snatch butterfly, by digital painting, religious, Womanhood dissected, Zoe emerges,,shiny, she finds her truth. , a mental specimen, In this twilight realm, And in the smoky haze "
56," shiny cthulhu as scanty Johnstown angel, weeping beauty, perfect face, 50 mm focal length, pale girl meditating,,  a woman transforming,  vixen back in the foreground,  several anime girls in a chain fight, 4K,  red arousal, leela instance butterfly,stunning detail,  titillate Hyades water, , photograph "
57,"several anime girls in a chain fight, perfect face,  red arousal,ultra realistic cinematic, weeping beauty,award-winning photograph, leela instance butterfly,  a woman transforming,  titillate Hyades water, beautiful colours,  vixen back in the foreground,  shiny cthulhu as scanty Johnstown angel,,  pale girl meditating "
58," weeping beauty, pale girl meditating,  a woman transforming, ,  vixen back in the foreground,sunset,  titillate Hyades water, leela instance butterfly,  several anime girls in a chain fight,  shiny cthulhu as scanty Johnstown angel,  red arousal, perfect face, fantasy "
59,"  warm bragging,  two beautiful nymphs,  Female Android,,  backwards look, crepuscular ray,  by paint speckling. dry brush and wet brush. rich texture, moth handcuffs,  ascension,golden ratio, atmospheric back skindentation, giant liquid monster rising, beautiful shape of face and body,intricate "
60,"   warm bragging,  Female Android,dramatic light,award - winning, beautiful shape of face and body,  ascension,full body,  two beautiful nymphs,  backwards look,lavender,  movie still,, atmospheric back skindentation,  moth handcuffs,  splash art, giant liquid monster rising "
61,"beautiful pool,  bare necessities,  emerging from beautiful nymph, a chain of young maids, woman transforming into paint drips,"
62," dreamscape,,  by oil , leaden wet skin, stained belly,  organic a beautiful portrait parasite Necromancer a goddess women engulfed in deep colourful, cinematic lighting,  Majestic painting of a beautiful young female fire goddess!!, avoiding meteor,aerial view,drone photography "
63," dslr, ocean,beautiful detailed, by paint stippling, mermaid sitting on a rock being lashed by waves and singing, stormy weather,  green color scheme,extra crisp,,8k photorealistic "
64," intricate, Red swarming liminal womanhood, by hyper realism,, a rope dance of desire and defiance, where secrets ripple and bloom., beautiful whimsical glossy water,white,  masterpiece,8k photorealistic,full body view "
65," Psychedelic ocean, smoky Aphrodite in the foreground, her laughter echoing through coral caves, a siren’s call to lost sailors."
66,"    cybernetic swarming flowers,,   water sprite,  orange dispelling gold, Bare bones emerging from golden water algae,geometric,  orange and gold,  water sprite,a beautiful portrait image,beautiful lighting "
67,ass fukeing.
68,Someone in the 90s LA riots
69,"   rough red flinty cough,  cough  about,wallpaper, by painted by seb mckinnon,, perfect composition,moody atmosphere,intricate, one hand is reaching behind he head face has many wrinkles , disturbing, nagging cough "
70," shiny, tasteful,  red stained water, hard hat and rubber gloves , , push sauce,  disturbing, rent,still,   one hand fire reaching  rampaging  he head face has many wrinkles,cinematic atmospheric,redscale photography "
71,"these rough delights have rough ends,  strewn limb from limb,  consuming hunger,"
72,"    low light, torn apart,orange and gold,elegant, choleric visage,  apoplexy,  wracking sobs,  swollen, apoplexy, Intimate,, smoky Aphrodite in the foreground,  glistenning limb phosphoric in the ghastly goldenrod "
73,"piggish gorgeous woman with long light-blonde conspirator hair wearing a harshly cut sunburn,  rueful red stained water, passionate,"
74," rueful red stained water,aerial photography,vividly enhanced, passionate,  by octane render,, vividly enhanced,atmospheric lighting, piggish gorgeous woman with long light-blonde conspirator hair wearing a harshly cut sunburn "
75,"light purple,  eviscerated, eviscerate,  sassafras fabulous,  splashed juice, passionate, goddess in the background,  marked, agitated,"
76,"   naiad roast Lombardy infinitive foreground, scaley skin,, meditative,highly detailed, sharks,  wild grasp, by art by John Collier and Albert Aublet and Krenz Cushart and Artem Demura and Alphonse Mucha,  consuming hunger,  scaley skin "
77," wild grasp,,  night,  naiad roast Lombardy infinitive foreground,vividly enhanced,  scaly skin,  consuming hunger,gorgeous volumetric lighting,rim light, sharks, scaly skin "
78,"wild grasp, warm tone gradient background,  naiad roast Lombardy infinitive foreground, scaly skin,, sharks,  scaly skin,ultra realistic render,detailed,  consuming hunger, by bayard wu,vivid "
79,"smooth,  scaly skin,establishing shot,  naiad roast Lombardy infinitive foreground,  vibrant lighting,  wild grasp, scaly skin,,  consuming hunger, sharks "
80," cinematic view,award winning masterpiece with incredible details,  wild grasp,,  naiad roast Lombardy infinitive foreground,  consuming hunger,  scaly skin, sharks,  full body,dramatic lighting,HD orate, scaly skin "
81,"ruddy visage, red flogging seas, Hanna full of trepidation,   dry  skin, juice strewn,"
82," dry  skin, red flogging seas,hyper detailed,  natural lighting, ruddy visage,,award - winning, Hanna full of trepidation, juice strewn "
83,"dry  skin, backlighting, ruddy visage,beautiful, person full of trepidation, red flogging seas,  "
84,"   gouged out, ,cinematic lighting,frothy female feverish paint, sharp focus on eyes,full shot, rough dry skin,beautiful lighting "
85,"rueful red stained water, violent sneeze, Shirt in her hand,"
86," Her fingertips trace secrets upon the canvas of existence.,intimate,  caught  eer,  infield dry , sharks,4 k, ripped out,, full body,symmetry, passionate  by splash art "
87,"splashed juice, torn red trepidation,  light aggravate,  exposure, cyborg self repair,"
88,"   light aggravate, photorealism,  by chiaroscuro, torn red trepidation,photorealism,, cyborg self repair,beautiful,  exposure, splashed juice "
89,"   light aggravate, by in a style blend of greg rutkowski and botticelli and boris vallejo,  aerial view,  exposure, torn trepidation, cyborg self repair,,intricate,cinema 4d "
90,"young beauty floating fire a flogging pelvic,  transforming into a snake, pelvic repair,   askew,  transforming Galapagos juice,"
91,"lying down, young woman with strawberry jam,   red strewn canal, rueful red stained water,  laudanum cyborg stormy  sea,  brooding, strewn limb from limb, burning red sea,  repulsion thrill,"
92,"  cyclone scrub,breathtaking,, forcible acclamation,  backlit strobe photography,  swollen,fantasy,  a flogging sea,  mountain lake centipede scrubbing rough a shell face, Full sunken blondes,  hyperrealism "
93," masterpiece, emotional,fantasy,  eviscerated, and heart female paint,geometric,cinematic atmospheric,  long  hard  screaming whipping rain, by anime, , pinned under the rubble "
94,"Nymphs' detoxify circling  in a surreal liminal space,  mug dry skin, florid, griffin,  pinned by a beam, strewn limb from limb,"
95,"  ultra realistic cinematic,focus,soft details, Breathtaking butterflies,  rough men doing what's needed, chainsaw,  , biblical divine holy perfection!! "
96," passionate, pinned by a beam,white,,photorealistic, wild, science concept Daphne nightmare, by artgerm,  consuming hunger,  4k,4k, dystopian "
97,"on infect,dramatic lighting,4K,3 d octane render,  impressive perspective, covered  consuming at, huge scene,, by joseph christian leyendecker,  human with cyborg spleen doing self repair,   eating, splash art "
98," swollen,  by Sung Choi,  wild grasp,rough skin,  very shaggy, ,  clear knee parts hiding ends rough skin,hyper realistic,4k, award - winning, splash art, Cranberry nymph in the foreground,  chiaroscuro lighting,  brooding,  human delights with cyborg spleen apoplectic imperate repair,elegant, apoplectic mood,8 k "
99," cinematic composition, dry skin,mystical colors,atmospheric lighting, splash art,  forbidden,  languid glossed  whichever,octane render,  by made by stanley artgerm lau,super highly detailed, , dark water in the shape of texture apoplectic butcher mood "
100,"nature landscape,  gelatine, collision, seal,  passionate, screaming, womanhood mental specimen,  "
101," extra crisp,day, by works by artgerm,,sharp focus,  mommy with debris heart doing self repair, industrial glossed goddess,intricate, chainsaw,4 k "
102,"monstrosity debacle,  torn apart,  raging,  intricate respiration breathtaking, 4k,  ripped out, by blender guru, miltary uniform, rust stained,  thrown devours florid transforming,  compromise water and rueful lost in the vivo,  Crockett magazine  doing detailed digital painting, wild grasp,dramatic light,post-processing "
103,"dramatic lighting,  sleeping at the bottom of a pool,lying down,big depth of field, lying down,excellent composition, by boris vallejo,, transforming into salad,  a Pickering "
104,"anime woman portrait profile ,  scattered all over the street, moody, his opponents falling over,  yelling, dappled, Maria evades sgt Nash , sinful, lying on the ground, bakers fighting escaping bread ,  rug burn, covered by debris,"
105,"   rug burn, his opponents falling over, lying on the ground,beautiful,professional, Maria evades sgt Nash ,  scattered all over the street, sinful,superwide angle,  yelling, anime woman portrait profile , photograph, covered by debris, bakers fighting escaping bread , moody, , by greg rutkowski, dappled "
106,"water torn modesty,  violent sneeze, expectant,  water gymnosperm skin strewn,  rope burn,"
107,"  low light, a flogging sea,  blueberry stained back,,  transforming into scarlet ribbons, rabbit,  rope burn,scrumptious, by naoya tanaka,sowbelly  with woodcock Okay wet skin,very coherent "
108,"   transforming into scarlet ribbons, by Frank frazetta,  blueberry stained back, rabbit,redscale photography,  rope burn,, award-winning photograph,detailed and intricate environment, a flogging sea,cinematic composition,sowbelly  with woodcock Okay wet skin "
109,"  girls in a chain fight, splashed juice,  up his by, religious, very realistic,very coherent,colorful,,geometric,  rough red skin,   by made by stanley artgerm lau,  passionate,a fantasy book landscape with massive big giant kraken in the background "
110,"forbidden,  splashed juice,atmospheric,  bottom epoch spasm,  mincemeat crowbait, beautiful shape of face and body, ,  disturbing,pretty porcine inhibitions, nagging cough, ,  antiphonal pudding, smooth organic pattern, torn apart "
111,"  by by karol bak,HD quality, 8k photorealistic,up stricken paint,  under the rocks,cleary see face,,  torn apart,cinematic feel, coughing up his socks, burning powerful with lots of rope smoky cables and red steam,cinematic feel "
112,"extremely beautiful romantic stretch,  brooding, rueful dark stained water,  corporeal encodings ,  agitated, blueberry stained back,"
113," oligarch  riding blushing  Strom maiden subvert,  pounding breathtaking scarlet, beautiful sensuality,  "
114," pounding breathtaking scarlet,  , oligarch  riding blushing  Strom maiden subvert, beautiful sensuality,aerial photography, by 3 d octane render, symmetrical "
115,"skinned,  light purple, exploring bodies,  ferocious force,hyperdetailed, butcher shop "
116,"skinned,, by movie still, backlit strobe photography,warm lighting, butcher shop,superwide angle,  epic stunning,  ferocious force, exploring bodies "
117,"dark bruise debris, in repose, suntanned hypnosis sowbelly halo lying on the grass,  scaly skin,"
118,"oligarch riding blushing mouthful maiden posing,"
119," high resolution,  butcher impregnable sneeze mood,octane render,screenshot,  full body view,, by painted by greg rutkowski, swimming in wasteland hell "
120,"whipping rain,,   legitimate rainbow skinned,fine detail,  intricate   smo"
121," legitimate rainbow skinned, beautiful,centered,  ,  whipping rain "
122,"torn coughing rough up his interregnum,8 k high definition,close-up off angle view, splash art, by baroque portrait painting, flowing swirls of fissure rope in the lying burning,well-rendered,  vibrant lighting,  "
123,"chiaroscuro lighting, by 3 d octane render,  low light,,hyperdetailed,  tetrachloride sauce skin,   abundant a beautiful portrait of a goddess women engulfed in deep butcher  ,perfect composition,half body shot,  transforming into scarlet penetrable "
124,"by John Collier and Albert Aublet and Krenz Cushart and Artem Demura and Alphonse Mucha,  transforming into scarlet penetrable, aerial photography, ,cinema 4d,screenshot,  abundant a beautiful portrait of a goddess women engulfed in deep butcher  ,photo,  tetrachloride sauce skin "
125," ,8 k, recent,  photo of chloe,dream - like,    by art by Artgerm and Greg Rutkowski and WLOP, sunny,  disturbed, in repose "
126," screenshot, full figure,  Haitian cannibal,  ,intimate "
127," beautiful colours,  butcher kiss,volumetric,  , dslr,close-up off angle view "
128,"   breathtaking,scrumptious,  butcher kiss,sensual features, by trending on artstation by artgerm and akihito tsukushi!! and ruan jia, "
129,"  hyper realistic,  incandescent mincemeat, rough men,iredescent soft glow bloom effect,    a surreal mystical forest some with a scrubbed blue thoughts gelatine creek, by art by artgerm and greg rutkowski and alphonse mucha,photorealistic, ,octane render,soft lighting,  feverish nightmare, naiad in the foreground "
130,"  naiad in the foreground,ltra realistic, by 3 d octane render,,  hyper realism, rough men,  feverish nightmare,  incandescent mincemeat,high detail,    a surreal mystical forest some with a scrubbed blue thoughts gelatine creek,night,fine detail "
131,A baby crying
